Aberdeen,Scotland
Adelaide,Australia
Albacete,Spain
Alushta,Ukraine
Aomori,Japan
Apia,Samoa
Asti,Italy
Atlanta,United States of America
Auch,France
Auckland,New Zealand
Aurillac,France
Avezzano,Italy
Barlad,Romania
Belfast,Ireland
Benevento,Italy
Besancon,France
Beziers,France
Biella-in-Piedmont,Italy
Bloemfontein,France
Bologna,Italy
Bordeaux,France
Botoani,Romania
Brisbane,Australia
Bristol,England
Brive la Gaillarde,France
Brussels,Belgium
Bucharest,Romania
Buenos Aires,Argentina
Bulawayo,Zimbabwe
Burlington,United States of America
Burnaby Lake,Canada
Caldas da Rainha,Portugal
Calgary,Canada
Canberra,Australia
Cape Town,South Africa
Carcassonne,France
Cardiff,Wales
Casablanca,Morocco
Castres,France
Catania,Italy
Cataratas,Argentina
Cesena,Italy
Charleston,United States of America
Chicago,United States of America
Christchurch,New Zealand
Coimbra,Portugal
Colwyn Bay,Wales
Commerce City,United States of America
Constanta,Romania
Cordoba,Spain
Croke Park,Ireland
Daegu,South Korea
Dublin,Ireland
Dunedin,New Zealand
Durban,South Africa
East London,South Africa
Edmonton,Canada
Ehime,Japan
El Puerto de Santa Maria,Spain
Elche,Spain
Esher,England
Firenze,Italy
Fontanafredda,Italy
Fort Lauderdale,United States of America
Frankfurt,Germany
Galashiels,Scotland
Gdynia,Poland
Genova,Italy
Glasgow,Scotland
Glendale,United States of America
Gold Coast,Australia
Gosford,Australia
Grenoble,France
Hamilton,New Zealand
Hanover,Germany
Harare,Zimbabwe
Harrison,United States of America
Hartford,United States of America
Heidelburg,Germany
Henderson,New Zealand
Heusenstamm,Germany
Hong Kong,Hong Kong
Honolulu,Hawaii
Houston,United States of America
Huddersfield,England
Iasi,Romania
Ibiza,Spain
Incheon,South Korea
Invercargill,New Zealand
Johannesburg,South Africa
Kangwon,South Korea
Kharkov,Ukraine
Kiev,Ukraine
Kingston,Canada
Krasnodar,Russia
Krasnoyarsk,Russia
Kuala Lumpur,Malaysia
Kumagaya,Japan
L'Aquila,Italy
Lansdowne Road,Ireland
Lauderhill,United States of America
Launceston,Australia
Lautoka,Fiji
Leicester,England
Lens,France
Liege,Belgium
Lille,France
Limerick,Ireland
Lisbon,Portugal
Llanelli,Wales
Long Beach,United States of America
Lourdes,France
Lyon,France
Madrid,Spain
Manchester,England
Mar del Plata,Argentina
Mariupol,Ukraine
Markham,Canada
Marseille,France
Melbourne,Australia
Mendoza,Argentina
Milan,Italy
Millennium Stadium,Wales
Miyagi,Japan
Moamoa,Samoa
Modena,Italy
Montevideo,Uruguay
Montpellier,France
Monza,Italy
Moscow,Russia
Murrayfield,Scotland
Nadi,Fiji
Nagoya,Japan
Nairobi,Kenya
Nantes,France
Napier,New Zealand
Nelson,New Zealand
Nepean,Canada
New Plymouth,New Zealand
Newcastle,Australia
Niigata,Japan
North Shore City,New Zealand
Nuku A'lofa,Tonga
Odessa,Ukraine
Osaka,Japan
Padova,Italy
Palma de Mallorca,Spain
Palmerston North,New Zealand
Parc des Princes,France
Parma,Italy
Perpignan,France
Perth,Australia
Piacenza,Italy
Port Elizabeth,South Africa
Posadas,Argentina
Prato,Italy
Pretoria,South Africa
Puerto Madryn,Argentina
Rome,Italy
Rosario,Argentina
Rotorua,New Zealand
Rovigo,Italy
Rustavi,Georgia
Rustenberg,South Africa
Safi,Morocco
Saint Vincent Aosta,Italy
Saint-Etienne,France
Saint-Gaudens,France
Salt Lake City,United States of America
Salta,Argentina
San Francisco,United States of America
San Juan,Argentina
Sandy,United States of America
Santa Clara,United States of America
Santa Fe,United States of America
Santiago,Chile
Sendai,Japan
Seoul,South Korea
Seville,Spain
Shawnigan Lake,Canada
Singapore,Singapore
Sopot,Poland
Sotchi,Russia
Springs,South Africa
St John's,Canada
Stade de France,France
Stanford,United States of America
Stellenbosch,South Africa
Suva,Fiji
Swansea,Wales
Sydney,Australia
Tarbes,France
Tarragona,Spain
Tbilisi,Georgia
Timisoara,Romania
Tokyo,Japan
Torino,Italy
Toronto,Canada
Toulouse,France
Townsville,Australia
Trabzon,Turkey
Treviso,Italy
Tucuman,Argentina
Twickenham,England
Udine,Italy
Ulsan,South Korea
Valladolid,Spain
Vancouver,Canada
Verona,Italy
Wellington,New Zealand
Wembley,England
Whangarei,New Zealand
Wilmington,United States of America
Windhoek,South Africa
Winnipeg,Canada
Witbank,South Africa
Wollongong,Australia
Worcester,England
Wrexham,England
